{"Robbie": [31.197770813074627, 6.454049611519473], "Brandon": [25.000000835762382, 5.5726602412634625], "Tyler": [24.999999185567237, 5.5726602439842825], "Carson": [18.802229193964845, 6.454049618896624]}