{"Carson": [24.813000885013064, 5.054504891682273], "Tyler": [20.862667568216143, 4.9163731865750036], "Brandon": [31.111307192199007, 6.563461528244044]}