{"Jackson Calvert": [32.678106625717824, 6.409080198706598], "Brandon Lam": [20.824646907850656, 4.783519414840816], "Tyler Merritt": [26.474580973869866, 4.930148399840458], "Carson Ellis": [20.588573723978648, 4.867962276115034]}
