{"Carson": [21.697510446848735, 5.753338433228896], "Tyler": [23.746833926494226, 5.53558099721859], "Brandon": [31.111307192199007, 6.563461528244044]}